Players,BID,RETAINED,UNSOLD,Base Price,BO,A,BA,W,TYPE,COST IN â‚¹ (CR.),,2022 Squad,SOLD TO 
Shivam Mavi,Yes,No,No,4000000,Yes,No,No,No,BOWLER,6,,KKR,Gujarat Titans
Joshua Little,Yes,No,No,5000000,Yes,No,No,No,BOWLER,4.4,,,Gujarat Titans
Kane Williamson,Yes,No,No,20000000,No,No,Yes,No,BATSMAN,2,,SRH,Gujarat Titans
K.S. Bharat,Yes,No,No,2000000,No,No,No,Yes,WICKETKEEPER,1.2,,DC,Gujarat Titans
Mohit Sharma,Yes,No,No,5000000,Yes,No,No,No,BOWLER,0.5,,,Gujarat Titans
Odean Smith,Yes,No,No,5000000,No,Yes,No,No,ALL-ROUNDER,0.5,,PBKS,Gujarat Titans
Urvil Patel,Yes,No,No,2000000,No,No,No,Yes,WICKETKEEPER,0.2,,,Gujarat Titans
Rahul Tewatia,No,Yes,No,Retained,No,Yes,No,No,ALL-ROUNDER,0,,GT,Gujarat Titans
Pradeep Sangwan,No,Yes,No,Retained,No,Yes,No,No,ALL-ROUNDER,0,,GT,Gujarat Titans
Rashid Khan,No,Yes,No,Retained,Yes,No,No,No,BOWLER,0,,GT,Gujarat Titans
R. Sai Kishore,No,Yes,No,Retained,Yes,No,No,No,BOWLER,0,,GT,Gujarat Titans
Yash Dayal,No,Yes,No,Retained,Yes,No,No,No,BOWLER,0,,GT,Gujarat Titans
Noor Ahmad,No,Yes,No,Retained,Yes,No,No,No,BOWLER,0,,GT,Gujarat Titans
Wriddhiman Saha,No,Yes,No,Retained,No,No,No,Yes,WICKETKEEPER,0,,GT,Gujarat Titans
Vijay Shankar,No,Yes,No,Retained,No,Yes,No,No,ALL-ROUNDER,0,,GT,Gujarat Titans
Shubman Gill,No,Yes,No,Retained,No,No,Yes,No,BATSMAN,0,,GT,Gujarat Titans
Hardik Pandya,No,Yes,No,Retained,No,Yes,No,No,ALL-ROUNDER,0,,GT,Gujarat Titans
B. Sai Sudharsan,No,Yes,No,Retained,No,Yes,No,No,ALL-ROUNDER,0,,GT,Gujarat Titans
Alzarri Joseph,No,Yes,No,Retained,Yes,No,No,No,BOWLER,0,,GT,Gujarat Titans
Abhinav Sadarangani,No,Yes,No,Retained,No,No,Yes,No,BATSMAN,0,,GT,Gujarat Titans
Darshan Nalkande,No,Yes,No,Retained,No,Yes,No,No,ALL-ROUNDER,0,,GT,Gujarat Titans
David Miller,No,Yes,No,Retained,No,No,Yes,No,BATSMAN,0,,GT,Gujarat Titans
Matthew Wade,No,Yes,No,Retained,No,No,No,Yes,WICKETKEEPER,0,,GT,Gujarat Titans
Jayant Yadav,No,Yes,No,Retained,No,Yes,No,No,ALL-ROUNDER,0,,GT,Gujarat Titans
Mohammad Shami,No,Yes,No,Retained,Yes,No,No,No,BOWLER,0,,GT,Gujarat Titans
Ben Stokes,Yes,No,No,20000000,No,Yes,No,No,ALL-ROUNDER,16.25,,,Chennai Super Kings
Kyle Jamieson,Yes,No,No,10000000,Yes,No,No,No,BOWLER,1,,,Chennai Super Kings
Nishant Sindhu,Yes,No,No,2000000,No,Yes,No,No,ALL-ROUNDER,0.6,,,Chennai Super Kings
Ajinkya Rahane,Yes,No,No,5000000,No,No,Yes,No,BATSMAN,0.5,,KKR,Chennai Super Kings
Bhagath Varma,Yes,No,No,2000000,No,Yes,No,No,ALL-ROUNDER,0.2,,CSK,Chennai Super Kings
Ajay Mandal,Yes,No,No,2000000,No,Yes,No,No,ALL-ROUNDER,0.2,,,Chennai Super Kings
Shaik Rasheed,Yes,No,No,2000000,No,No,Yes,No,BATSMAN,0.2,,,Chennai Super Kings
Ravindra Jadeja,No,Yes,No,Retained,No,Yes,No,No,ALL-ROUNDER,0,,CSK,Chennai Super Kings
Rajvardhan Hangargekar,No,Yes,No,Retained,No,Yes,No,No,ALL-ROUNDER,0,,CSK,Chennai Super Kings
Prashant Solanki,No,Yes,No,Retained,Yes,No,No,No,BOWLER,0,,CSK,Chennai Super Kings
Ruturaj Gaikwad,No,Yes,No,Retained,No,No,Yes,No,BATSMAN,0,,CSK,Chennai Super Kings
Tushar Deshpande,No,Yes,No,Retained,Yes,No,No,No,BOWLER,0,,CSK,Chennai Super Kings
Mukesh Choudhary,No,Yes,No,Retained,Yes,No,No,No,BOWLER,0,,CSK,Chennai Super Kings
Subhranshu Senapati,No,Yes,No,Retained,No,No,Yes,No,BATSMAN,0,,CSK,Chennai Super Kings
Simarjeet Singh,No,Yes,No,Retained,Yes,No,No,No,BOWLER,0,,CSK,Chennai Super Kings
Shivam Dube,No,Yes,No,Retained,No,Yes,No,No,ALL-ROUNDER,0,,CSK,Chennai Super Kings
Matheesha Pathirana,No,Yes,No,Retained,Yes,No,No,No,BOWLER,0,,CSK,Chennai Super Kings
Devon Conway,No,Yes,No,Retained,No,No,Yes,No,BATSMAN,0,,CSK,Chennai Super Kings
Deepak Chahar,No,Yes,No,Retained,Yes,No,No,No,BOWLER,0,,CSK,Chennai Super Kings
Ambati Rayudu,No,Yes,No,Retained,No,No,Yes,No,BATSMAN,0,,CSK,Chennai Super Kings
Dwaine Pretorius,No,Yes,No,Retained,No,Yes,No,No,ALL-ROUNDER,0,,CSK,Chennai Super Kings
Maheesh Theekshana,No,Yes,No,Retained,Yes,No,No,No,BOWLER,0,,CSK,Chennai Super Kings
Moeen Ali,No,Yes,No,Retained,No,Yes,No,No,ALL-ROUNDER,0,,CSK,Chennai Super Kings
Mitchell Santner,No,Yes,No,Retained,No,Yes,No,No,ALL-ROUNDER,0,,CSK,Chennai Super Kings
MS Dhoni,No,Yes,No,Retained,No,No,No,Yes,WICKETKEEPER,0,,CSK,Chennai Super Kings
Mukesh Kumar,Yes,No,No,2000000,Yes,No,No,No,BOWLER,5.5,,,Delhi Capitals
Rilee Rossouw,Yes,No,No,20000000,No,No,Yes,No,BATSMAN,4.6,,,Delhi Capitals
Manish Pandey,Yes,No,No,10000000,No,No,Yes,No,BATSMAN,2.4,,LSG,Delhi Capitals
Phil Salt,Yes,No,No,20000000,No,No,No,Yes,WICKETKEEPER,2,,,Delhi Capitals
Ishant Sharma,Yes,No,No,5000000,Yes,No,No,No,BOWLER,0.5,,,Delhi Capitals
Ripal Patel,No,Yes,No,Retained,No,Yes,No,No,ALL-ROUNDER,0,,DC,Delhi Capitals
Pravin Dubey,No,Yes,No,Retained,No,Yes,No,No,ALL-ROUNDER,0,,DC,Delhi Capitals
Rishabh Pant,No,Yes,No,Retained,No,No,No,Yes,WICKETKEEPER,0,,DC,Delhi Capitals
Prithvi Shaw,No,Yes,No,Retained,No,No,Yes,No,BATSMAN,0,,DC,Delhi Capitals
Syed Khaleel Ahmed,No,Yes,No,Retained,Yes,No,No,No,BOWLER,0,,DC,Delhi Capitals
Yash Dhull,No,Yes,No,Retained,No,Yes,No,No,ALL-ROUNDER,0,,DC,Delhi Capitals
Vicky Ostwal,No,Yes,No,Retained,No,Yes,No,No,ALL-ROUNDER,0,,DC,Delhi Capitals
Mustafizur Rahman,No,Yes,No,Retained,Yes,No,No,No,BOWLER,0,,DC,Delhi Capitals
Sarfaraz Khan,No,Yes,No,Retained,No,Yes,No,No,ALL-ROUNDER,0,,DC,Delhi Capitals
Rovman Powell,No,Yes,No,Retained,No,No,Yes,No,BATSMAN,0,,DC,Delhi Capitals
Lalit Yadav,No,Yes,No,Retained,No,Yes,No,No,ALL-ROUNDER,0,,DC,Delhi Capitals
Axar Patel,No,Yes,No,Retained,No,Yes,No,No,ALL-ROUNDER,0,,DC,Delhi Capitals
Anrich Nortje,No,Yes,No,Retained,Yes,No,No,No,BOWLER,0,,DC,Delhi Capitals
Aman Khan (T),No,Yes,No,Retained,No,Yes,No,No,ALL-ROUNDER,0,,DC,Delhi Capitals
Chetan Sakariya,No,Yes,No,Retained,Yes,No,No,No,BOWLER,0,,DC,Delhi Capitals
David Warner,No,Yes,No,Retained,No,No,Yes,No,BATSMAN,0,,DC,Delhi Capitals
Lungisani Ngidi,No,Yes,No,Retained,Yes,No,No,No,BOWLER,0,,DC,Delhi Capitals
Kuldeep Yadav,No,Yes,No,Retained,Yes,No,No,No,BOWLER,0,,DC,Delhi Capitals
Kamlesh Nagarkoti,No,Yes,No,Retained,No,Yes,No,No,ALL-ROUNDER,0,,DC,Delhi Capitals
Mitchell Marsh,No,Yes,No,Retained,No,Yes,No,No,ALL-ROUNDER,0,,DC,Delhi Capitals
Shakib Al Hasan,Yes,No,No,1500000,No,Yes,No,No,ALL-ROUNDER,1.5,,,Kolkata Knight Riders
David Wiese,Yes,No,No,10000000,No,Yes,No,No,ALL-ROUNDER,1,,,Kolkata Knight Riders
N. Jagadeesan,Yes,No,No,2000000,No,No,No,Yes,WICKETKEEPER,0.9,,CSK,Kolkata Knight Riders
Vaibhav Arora,Yes,No,No,2000000,Yes,No,No,No,BOWLER,0.6,,PBKS,Kolkata Knight Riders
Litton Das,Yes,No,No,5000000,No,No,No,Yes,WICKETKEEPER,0.5,,,Kolkata Knight Riders
Mandeep Singh,Yes,No,No,5000000,No,No,Yes,No,BATSMAN,0.5,,DC,Kolkata Knight Riders
Kulwant Khejroliya,Yes,No,No,2000000,Yes,No,No,No,BOWLER,0.2,,,Kolkata Knight Riders
Suyash Sharma,Yes,No,No,2000000,Yes,No,No,No,BOWLER,0.2,,,Kolkata Knight Riders
Sunil Narine,No,Yes,No,Retained,Yes,No,No,No,BOWLER,0,,KKR,Kolkata Knight Riders
Shreyas Iyer,No,Yes,No,Retained,No,No,Yes,No,BATSMAN,0,,KKR,Kolkata Knight Riders
Tim Southee,No,Yes,No,Retained,Yes,No,No,No,BOWLER,0,,KKR,Kolkata Knight Riders
Umesh Yadav,No,Yes,No,Retained,Yes,No,No,No,BOWLER,0,,KKR,Kolkata Knight Riders
Varun Chakaravarthy,No,Yes,No,Retained,Yes,No,No,No,BOWLER,0,,KKR,Kolkata Knight Riders
Shardul Thakur (T),No,Yes,No,Retained,Yes,No,No,No,BOWLER,0,,KKR,Kolkata Knight Riders
Venkatesh Iyer,No,Yes,No,Retained,No,Yes,No,No,ALL-ROUNDER,0,,KKR,Kolkata Knight Riders
Harshit Rana,No,Yes,No,Retained,Yes,No,No,No,BOWLER,0,,KKR,Kolkata Knight Riders
Anukul Roy,No,Yes,No,Retained,No,Yes,No,No,ALL-ROUNDER,0,,KKR,Kolkata Knight Riders
Andre Russell,No,Yes,No,Retained,No,Yes,No,No,ALL-ROUNDER,0,,KKR,Kolkata Knight Riders
Lockie Ferguson (T),No,Yes,No,Retained,Yes,No,No,No,BOWLER,0,,KKR,Kolkata Knight Riders
Nitish Rana,No,Yes,No,Retained,No,Yes,No,No,ALL-ROUNDER,0,,KKR,Kolkata Knight Riders
Rahmanullah Gurbaz (T),No,Yes,No,Retained,No,No,No,Yes,WICKETKEEPER,0,,KKR,Kolkata Knight Riders
Rinku Singh,No,Yes,No,Retained,No,No,Yes,No,BATSMAN,0,,KKR,Kolkata Knight Riders
Sam Curran,Yes,No,No,20000000,No,Yes,No,No,ALL-ROUNDER,18.5,,,Punjab Kings
Sikandar Raza,Yes,No,No,5000000,No,Yes,No,No,ALL-ROUNDER,0.5,,,Punjab Kings
Harpreet Bhatia,Yes,No,No,2000000,No,No,Yes,No,BATSMAN,0.4,,,Punjab Kings
Mohit Rathee,Yes,No,No,2000000,No,Yes,No,No,ALL-ROUNDER,0.2,,,Punjab Kings
Vidwath Kaverappa,Yes,No,No,2000000,Yes,No,No,No,BOWLER,0.2,,,Punjab Kings
Shivam Singh,Yes,No,No,5000000,No,No,No,Yes,WICKETKEEPER,0.2,,,Punjab Kings
Liam Livingstone,No,Yes,No,Retained,No,Yes,No,No,ALL-ROUNDER,0,,PBKS,Punjab Kings
Baltej Singh Dhanda,No,Yes,No,Retained,Yes,No,No,No,BOWLER,0,,PBKS,Punjab Kings
Atharva Taide,No,Yes,No,Retained,No,Yes,No,No,ALL-ROUNDER,0,,PBKS,Punjab Kings
Bhanuka Rajapakse,No,Yes,No,Retained,No,No,Yes,No,BATSMAN,0,,PBKS,Punjab Kings
Jitesh Sharma,No,Yes,No,Retained,No,No,No,Yes,WICKETKEEPER,0,,PBKS,Punjab Kings
Nathan Ellis,No,Yes,No,Retained,Yes,No,No,No,BOWLER,0,,PBKS,Punjab Kings
Jonny Bairstow,No,Yes,No,Retained,No,No,No,Yes,WICKETKEEPER,0,,PBKS,Punjab Kings
Kagiso Rabada,No,Yes,No,Retained,Yes,No,No,No,BOWLER,0,,PBKS,Punjab Kings
Harpreet Brar,No,Yes,No,Retained,No,Yes,No,No,ALL-ROUNDER,0,,PBKS,Punjab Kings
Shahrukh Khan,No,Yes,No,Retained,No,Yes,No,No,ALL-ROUNDER,0,,PBKS,Punjab Kings
Shikhar Dhawan,No,Yes,No,Retained,No,No,Yes,No,BATSMAN,0,,PBKS,Punjab Kings
Rahul Chahar,No,Yes,No,Retained,Yes,No,No,No,BOWLER,0,,PBKS,Punjab Kings
Arshdeep Singh,No,Yes,No,Retained,Yes,No,No,No,BOWLER,0,,PBKS,Punjab Kings
Prabhsimran Singh,No,Yes,No,Retained,No,No,No,Yes,WICKETKEEPER,0,,PBKS,Punjab Kings
Raj Angad Bawa,No,Yes,No,Retained,No,Yes,No,No,ALL-ROUNDER,0,,PBKS,Punjab Kings
Rishi Dhawan,No,Yes,No,Retained,No,Yes,No,No,ALL-ROUNDER,0,,PBKS,Punjab Kings
Nicholas Pooran,Yes,No,No,20000000,No,No,No,Yes,WICKETKEEPER,16,,SRH,Lucknow Super Giants
Daniel Sams,Yes,No,No,7500000,No,Yes,No,No,ALL-ROUNDER,0.75,,MI,Lucknow Super Giants
Jaydev Unadkat,Yes,No,No,5000000,Yes,No,No,No,BOWLER,0.5,,MI,Lucknow Super Giants
Naveen Ul Haq,Yes,No,No,5000000,Yes,No,No,No,BOWLER,0.5,,,Lucknow Super Giants
Amit Mishra,Yes,No,No,5000000,Yes,No,No,No,BOWLER,0.5,,,Lucknow Super Giants
Romario Shepherd,Yes,No,No,5000000,No,Yes,No,No,ALL-ROUNDER,0.5,,SRH,Lucknow Super Giants
Yash Thakur,Yes,No,No,2000000,Yes,No,No,No,BOWLER,0.45,,,Lucknow Super Giants
Swapnil Singh,Yes,No,No,2000000,No,Yes,No,No,ALL-ROUNDER,0.2,,,Lucknow Super Giants
Yudhvir Charak,Yes,No,No,2000000,No,Yes,No,No,ALL-ROUNDER,0.2,,,Lucknow Super Giants
Prerak Mankad,Yes,No,No,2000000,No,Yes,No,No,ALL-ROUNDER,0.2,,PBKS,Lucknow Super Giants
Mark Wood,No,Yes,No,Retained,Yes,No,No,No,BOWLER,0,,LSG,Lucknow Super Giants
Marcus Stoinis,No,Yes,No,Retained,No,Yes,No,No,ALL-ROUNDER,0,,LSG,Lucknow Super Giants
Mayank Yadav,No,Yes,No,Retained,Yes,No,No,No,BOWLER,0,,LSG,Lucknow Super Giants
Mohsin Khan,No,Yes,No,Retained,Yes,No,No,No,BOWLER,0,,LSG,Lucknow Super Giants
Quinton De Kock,No,Yes,No,Retained,No,No,No,Yes,WICKETKEEPER,0,,LSG,Lucknow Super Giants
Manan Vohra,No,Yes,No,Retained,No,No,Yes,No,BATSMAN,0,,LSG,Lucknow Super Giants
Ravi Bishnoi,No,Yes,No,Retained,Yes,No,No,No,BOWLER,0,,LSG,Lucknow Super Giants
Deepak Hooda,No,Yes,No,Retained,No,Yes,No,No,ALL-ROUNDER,0,,LSG,Lucknow Super Giants
Ayush Badoni,No,Yes,No,Retained,No,Yes,No,No,ALL-ROUNDER,0,,LSG,Lucknow Super Giants
Avesh Khan,No,Yes,No,Retained,Yes,No,No,No,BOWLER,0,,LSG,Lucknow Super Giants
K. Gowtham,No,Yes,No,Retained,No,Yes,No,No,ALL-ROUNDER,0,,LSG,Lucknow Super Giants
Karan Sharma,No,Yes,No,Retained,No,Yes,No,No,ALL-ROUNDER,0,,LSG,Lucknow Super Giants
Krunal Pandya,No,Yes,No,Retained,No,Yes,No,No,ALL-ROUNDER,0,,LSG,Lucknow Super Giants
KL Rahul,No,Yes,No,Retained,No,No,Yes,No,BATSMAN,0,,LSG,Lucknow Super Giants
Kyle Mayers,No,Yes,No,Retained,No,Yes,No,No,ALL-ROUNDER,0,,LSG,Lucknow Super Giants
Cameron Green,Yes,No,No,20000000,No,Yes,No,No,ALL-ROUNDER,17.5,,,Mumbai Indians
Jhye Richardson,Yes,No,No,1500000,Yes,No,No,No,BOWLER,1.5,,,Mumbai Indians
Piyush Chawla,Yes,No,No,5000000,Yes,No,No,No,BOWLER,0.5,,,Mumbai Indians
Raghav Goyal,Yes,No,No,2000000,Yes,No,No,No,BOWLER,0.2,,,Mumbai Indians
Shams Mulani,Yes,No,No,2000000,No,Yes,No,No,ALL-ROUNDER,0.2,,,Mumbai Indians
Nehal Wadhera,Yes,No,No,2000000,No,Yes,No,No,ALL-ROUNDER,0.2,,,Mumbai Indians
Vishnu Vinod,Yes,No,No,2000000,No,No,No,Yes,WICKETKEEPER,0.2,,SRH,Mumbai Indians
Duan Jansen,Yes,No,No,2000000,No,Yes,No,No,ALL-ROUNDER,0.2,,,Mumbai Indians
Ramandeep Singh,No,Yes,No,Retained,No,Yes,No,No,ALL-ROUNDER,0,,MI,Mumbai Indians
N. Tilak Varma,No,Yes,No,Retained,No,Yes,No,No,ALL-ROUNDER,0,,MI,Mumbai Indians
Mohd. Arshad Khan,No,Yes,No,Retained,No,Yes,No,No,ALL-ROUNDER,0,,MI,Mumbai Indians
Rohit Sharma,No,Yes,No,Retained,No,No,Yes,No,BATSMAN,0,,MI,Mumbai Indians
Suryakumar Yadav,No,Yes,No,Retained,No,No,Yes,No,BATSMAN,0,,MI,Mumbai Indians
Kumar Kartikeya Singh,No,Yes,No,Retained,No,Yes,No,No,ALL-ROUNDER,0,,MI,Mumbai Indians
Tristan Stubbs*,No,Yes,No,Retained,No,No,No,Yes,WICKETKEEPER,0,,MI,Mumbai Indians
Tim David,No,Yes,No,Retained,No,Yes,No,No,ALL-ROUNDER,0,,MI,Mumbai Indians
Hrithik Shokeen,No,Yes,No,Retained,No,Yes,No,No,ALL-ROUNDER,0,,MI,Mumbai Indians
Arjun Tendulkar,No,Yes,No,Retained,No,Yes,No,No,ALL-ROUNDER,0,,MI,Mumbai Indians
Akash Madhwal,No,Yes,No,Retained,Yes,No,No,No,BOWLER,0,,MI,Mumbai Indians
Dewald Brevis,No,Yes,No,Retained,No,No,Yes,No,BATSMAN,0,,MI,Mumbai Indians
Ishan Kishan,No,Yes,No,Retained,No,No,No,Yes,WICKETKEEPER,0,,MI,Mumbai Indians
Jasprit Bumrah,No,Yes,No,Retained,Yes,No,No,No,BOWLER,0,,MI,Mumbai Indians
Jason Behrendorff (T),No,Yes,No,Retained,Yes,No,No,No,BOWLER,0,,MI,Mumbai Indians
Jofra Archer,No,Yes,No,Retained,No,Yes,No,No,ALL-ROUNDER,0,,MI,Mumbai Indians
Will Jacks,Yes,No,No,1500000,No,No,Yes,No,BATSMAN,3.2,,,Royal Challengers Bangalore
Reece Topley,Yes,No,No,7500000,Yes,No,No,No,BOWLER,1.9,,,Royal Challengers Bangalore
Rajan Kumar,Yes,No,No,2000000,Yes,No,No,No,BOWLER,0.7,,,Royal Challengers Bangalore
Avinash Singh,Yes,No,No,2000000,Yes,No,No,No,BOWLER,0.6,,,Royal Challengers Bangalore
Manoj Bhandage,Yes,No,No,2000000,No,Yes,No,No,ALL-ROUNDER,0.2,,,Royal Challengers Bangalore
Sonu Yadav,Yes,No,No,2000000,No,Yes,No,No,ALL-ROUNDER,0.2,,,Royal Challengers Bangalore
Himanshu Sharma,Yes,No,No,2000000,Yes,No,No,No,BOWLER,0.2,,,Royal Challengers Bangalore
Rajat Patidar,No,Yes,No,Retained,No,No,Yes,No,BATSMAN,0,,RCB,Royal Challengers Bangalore
Mahipal Lomror,No,Yes,No,Retained,Yes,No,No,No,BOWLER,0,,RCB,Royal Challengers Bangalore
Shahbaz Ahamad,No,Yes,No,Retained,No,Yes,No,No,ALL-ROUNDER,0,,RCB,Royal Challengers Bangalore
Mohammed Siraj,No,Yes,No,Retained,Yes,No,No,No,BOWLER,0,,RCB,Royal Challengers Bangalore
Wanindu Hasaranga,No,Yes,No,Retained,No,Yes,No,No,ALL-ROUNDER,0,,RCB,Royal Challengers Bangalore
Karn Sharma,No,Yes,No,Retained,Yes,No,No,No,BOWLER,0,,RCB,Royal Challengers Bangalore
Virat Kohli,No,Yes,No,Retained,No,No,Yes,No,BATSMAN,0,,RCB,Royal Challengers Bangalore
Suyash Prabhudessai,No,Yes,No,Retained,No,Yes,No,No,ALL-ROUNDER,0,,RCB,Royal Challengers Bangalore
Siddharth Kaul,No,Yes,No,Retained,Yes,No,No,No,BOWLER,0,,RCB,Royal Challengers Bangalore
Finn Allen,No,Yes,No,Retained,No,No,Yes,No,BATSMAN,0,,RCB,Royal Challengers Bangalore
David Willey,No,Yes,No,Retained,No,Yes,No,No,ALL-ROUNDER,0,,RCB,Royal Challengers Bangalore
Anuj Rawat,No,Yes,No,Retained,No,No,No,Yes,WICKETKEEPER,0,,RCB,Royal Challengers Bangalore
Akash Deep,No,Yes,No,Retained,Yes,No,No,No,BOWLER,0,,RCB,Royal Challengers Bangalore
Dinesh Karthik,No,Yes,No,Retained,No,No,No,Yes,WICKETKEEPER,0,,RCB,Royal Challengers Bangalore
Faf Du Plessis,No,Yes,No,Retained,No,No,Yes,No,BATSMAN,0,,RCB,Royal Challengers Bangalore
Harshal Patel,No,Yes,No,Retained,No,Yes,No,No,ALL-ROUNDER,0,,RCB,Royal Challengers Bangalore
Glenn Maxwell,No,Yes,No,Retained,No,Yes,No,No,ALL-ROUNDER,0,,RCB,Royal Challengers Bangalore
Josh Hazlewood,No,Yes,No,Retained,Yes,No,No,No,BOWLER,0,,RCB,Royal Challengers Bangalore
Jason Holder,Yes,No,No,20000000,No,Yes,No,No,ALL-ROUNDER,5.75,,LSG,Rajasthan Royals
Adam Zampa,Yes,No,No,1500000,Yes,No,No,No,BOWLER,1.5,,,Rajasthan Royals
Joe Root,Yes,No,No,10000000,No,No,Yes,No,BATSMAN,1,,,Rajasthan Royals
Donovan Ferreira,Yes,No,No,2000000,No,No,No,Yes,WICKETKEEPER,0.5,,,Rajasthan Royals
K.M. Asif,Yes,No,No,3000000,Yes,No,No,No,BOWLER,0.3,,CSK,Rajasthan Royals
Kunal Rathore,Yes,No,No,2000000,No,No,No,Yes,WICKETKEEPER,0.2,,,Rajasthan Royals
Abdul P A,Yes,No,No,2000000,No,Yes,No,No,ALL-ROUNDER,0.2,,,Rajasthan Royals
Akash Vashisht,Yes,No,No,2000000,No,Yes,No,No,ALL-ROUNDER,0.2,,,Rajasthan Royals
Murugan Ashwin,Yes,No,No,2000000,Yes,No,No,No,BOWLER,0.2,,MI,Rajasthan Royals
Sanju Samson,No,Yes,No,Retained,No,No,No,Yes,WICKETKEEPER,0,,RR,Rajasthan Royals
Riyan Parag,No,Yes,No,Retained,No,Yes,No,No,ALL-ROUNDER,0,,RR,Rajasthan Royals
R. Ashwin,No,Yes,No,Retained,No,Yes,No,No,ALL-ROUNDER,0,,RR,Rajasthan Royals
Shimron Hetmyer,No,Yes,No,Retained,No,No,Yes,No,BATSMAN,0,,RR,Rajasthan Royals
Trent Boult,No,Yes,No,Retained,Yes,No,No,No,BOWLER,0,,RR,Rajasthan Royals
Prasidh Krishna,No,Yes,No,Retained,Yes,No,No,No,BOWLER,0,,RR,Rajasthan Royals
Yuzvendra Chahal,No,Yes,No,Retained,Yes,No,No,No,BOWLER,0,,RR,Rajasthan Royals
Yashasvi Jaiswal,No,Yes,No,Retained,No,No,Yes,No,BATSMAN,0,,RR,Rajasthan Royals
K.C Cariappa,No,Yes,No,Retained,Yes,No,No,No,BOWLER,0,,RR,Rajasthan Royals
Dhruv Jurel,No,Yes,No,Retained,No,No,No,Yes,WICKETKEEPER,0,,RR,Rajasthan Royals
Devdutt Padikkal,No,Yes,No,Retained,No,No,Yes,No,BATSMAN,0,,RR,Rajasthan Royals
Jos Buttler,No,Yes,No,Retained,No,No,No,Yes,WICKETKEEPER,0,,RR,Rajasthan Royals
Kuldeep Sen,No,Yes,No,Retained,Yes,No,No,No,BOWLER,0,,RR,Rajasthan Royals
Navdeep Saini,No,Yes,No,Retained,Yes,No,No,No,BOWLER,0,,RR,Rajasthan Royals
Kuldip Yadav,No,Yes,No,Retained,Yes,No,No,No,BOWLER,0,,RR,Rajasthan Royals
Obed Mccoy,No,Yes,No,Retained,Yes,No,No,No,BOWLER,0,,RR,Rajasthan Royals
Harry Brook,Yes,No,No,15000000,No,No,Yes,No,BATSMAN,13.25,,,Sunrisers Hyderabad
Mayank Agarwal,Yes,No,No,10000000,No,No,Yes,No,BATSMAN,8.25,,PBKS,Sunrisers Hyderabad
Heinrich Klaasen,Yes,No,No,10000000,No,No,No,Yes,WICKETKEEPER,5.25,,,Sunrisers Hyderabad
Vivrant Sharma,Yes,No,No,2000000,No,Yes,No,No,ALL-ROUNDER,2.6,,,Sunrisers Hyderabad
Adil Rashid,Yes,No,No,20000000,Yes,No,No,No,BOWLER,2,,,Sunrisers Hyderabad
Mayank Dagar,Yes,No,No,2000000,No,Yes,No,No,ALL-ROUNDER,1.8,,,Sunrisers Hyderabad
Akeal Hosein,Yes,No,No,10000000,Yes,No,No,No,BOWLER,1,,,Sunrisers Hyderabad
Mayank Markande,Yes,No,No,5000000,Yes,No,No,No,BOWLER,0.5,,MI,Sunrisers Hyderabad
Upendra Singh Yadav,Yes,No,No,2000000,No,No,No,Yes,WICKETKEEPER,0.25,,,Sunrisers Hyderabad
Nitish Kumar Reddy,Yes,No,No,2000000,No,No,No,Yes,WICKETKEEPER,0.2,,,Sunrisers Hyderabad
Samarth Vyas,Yes,No,No,2000000,No,Yes,No,No,ALL-ROUNDER,0.2,,,Sunrisers Hyderabad
Anmolpreet Singh,Yes,No,No,2000000,No,No,Yes,No,BATSMAN,0.2,,MI,Sunrisers Hyderabad
Sanvir Singh,Yes,No,No,2000000,No,Yes,No,No,ALL-ROUNDER,0.2,,,Sunrisers Hyderabad
Marco Jansen,No,Yes,No,Retained,No,Yes,No,No,ALL-ROUNDER,0,,SRH,Sunrisers Hyderabad
Rahul Tripathi,No,Yes,No,Retained,No,No,Yes,No,BATSMAN,0,,SRH,Sunrisers Hyderabad
Umran Malik,No,Yes,No,Retained,Yes,No,No,No,BOWLER,0,,SRH,Sunrisers Hyderabad
Washington Sundar,No,Yes,No,Retained,No,Yes,No,No,ALL-ROUNDER,0,,SRH,Sunrisers Hyderabad
Kartik Tyagi,No,Yes,No,Retained,Yes,No,No,No,BOWLER,0,,SRH,Sunrisers Hyderabad
T. Natarajan,No,Yes,No,Retained,Yes,No,No,No,BOWLER,0,,SRH,Sunrisers Hyderabad
Fazalhaq Farooqi,No,Yes,No,Retained,Yes,No,No,No,BOWLER,0,,SRH,Sunrisers Hyderabad
Abdul Samad,No,Yes,No,Retained,No,No,Yes,No,BATSMAN,0,,SRH,Sunrisers Hyderabad
Abhishek Sharma,No,Yes,No,Retained,No,Yes,No,No,ALL-ROUNDER,0,,SRH,Sunrisers Hyderabad
Aiden Markram,No,Yes,No,Retained,No,No,Yes,No,BATSMAN,0,,SRH,Sunrisers Hyderabad
Bhuvneshwar Kumar,No,Yes,No,Retained,Yes,No,No,No,BOWLER,0,,SRH,Sunrisers Hyderabad
Glenn Phillips,No,Yes,No,Retained,No,No,No,Yes,WICKETKEEPER,0,,SRH,Sunrisers Hyderabad
Tom Banton,No,No,Yes,,No,No,No,Yes,WICKETKEEPER,,,,Unsold
Kusal Mendis,No,No,Yes,,No,No,No,Yes,WICKETKEEPER,,,,Unsold
Chris Jordan,No,No,Yes,,Yes,No,No,No,BOWLER,,,CSK,Unsold
Adam Milne,No,No,Yes,,Yes,No,No,No,BOWLER,,,CSK,Unsold
Mujeeb Rahman,No,No,Yes,,Yes,No,No,No,BOWLER,,,,Unsold
Tabraiz Shamsi,No,No,Yes,,Yes,No,No,No,BOWLER,,,,Unsold
Shubham Khajuria,No,No,Yes,,No,No,Yes,No,BATSMAN,,,,Unsold
Rohan Kunnummal,No,No,Yes,,No,No,Yes,No,BATSMAN,,,,Unsold
Chethan L.R.,No,No,Yes,,No,No,Yes,No,BATSMAN,,,,Unsold
Himmat Singh,No,No,Yes,,No,No,Yes,No,BATSMAN,,,,Unsold
Corbin Bosch,No,No,Yes,,No,Yes,No,No,ALL-ROUNDER,,,RR,Unsold
Priyam Garg,No,No,Yes,,No,Yes,No,No,ALL-ROUNDER,,,SRH,Unsold
Saurabh Kumar,No,No,Yes,,No,Yes,No,No,ALL-ROUNDER,,,,Unsold
Shashank Singh,No,No,Yes,,No,Yes,No,No,ALL-ROUNDER,,,SRH,Unsold
Mohammed Azharuddeen,No,No,Yes,,No,No,No,Yes,WICKETKEEPER,,,,Unsold
Dinesh Bana,No,No,Yes,,No,No,No,Yes,WICKETKEEPER,,,,Unsold
Abhimanyu Easwaran,No,No,Yes,,No,No,No,Yes,WICKETKEEPER,,,,Unsold
Sumit Kumar,No,No,Yes,,No,No,No,Yes,WICKETKEEPER,,,,Unsold
Lance Morris,No,No,Yes,,Yes,No,No,No,BOWLER,,,,Unsold
Mujtaba Yousuf,No,No,Yes,,Yes,No,No,No,BOWLER,,,,Unsold
Chintal Gandhi,No,No,Yes,,Yes,No,No,No,BOWLER,,,,Unsold
Shreyas Gopal,No,No,Yes,,Yes,No,No,No,BOWLER,,,SRH,Unsold
S Midhun,No,No,Yes,,Yes,No,No,No,BOWLER,,,,Unsold
Izharulhuq Naveed,No,No,Yes,,Yes,No,No,No,BOWLER,,,,Unsold
Travis Head,No,No,Yes,,No,No,Yes,No,BATSMAN,,,,Unsold
Dawid Malan,No,No,Yes,,No,No,Yes,No,BATSMAN,,,,Unsold
Sherfane Rutherford,No,No,Yes,,No,No,Yes,No,BATSMAN,,,RCB,Unsold
Paul Stirling,No,No,Yes,,No,No,Yes,No,BATSMAN,,,,Unsold
Rassie Van Der Dussen,No,No,Yes,,No,No,Yes,No,BATSMAN,,,RR,Unsold
Daryl Mitchell,No,No,Yes,,No,Yes,No,No,ALL-ROUNDER,,,RR,Unsold
Mohammad Nabi,No,No,Yes,,No,Yes,No,No,ALL-ROUNDER,,,KKR,Unsold
Jimmy Neesham,No,No,Yes,,No,Yes,No,No,ALL-ROUNDER,,,RR,Unsold
Wayne Parnell,No,No,Yes,,No,Yes,No,No,ALL-ROUNDER,,,,Unsold
Dasun Shanaka,No,No,Yes,,No,Yes,No,No,ALL-ROUNDER,,,,Unsold
Taskin Ahmed,No,No,Yes,,Yes,No,No,No,BOWLER,,,,Unsold
Dushmanta Chameera,No,No,Yes,,Yes,No,No,No,BOWLER,,,LSG,Unsold
Riley Meredith,No,No,Yes,,Yes,No,No,No,BOWLER,,,MI,Unsold
Blessing Muzarabani,No,No,Yes,,Yes,No,No,No,BOWLER,,,,Unsold
Sandeep Sharma,No,No,Yes,,Yes,No,No,No,BOWLER,,,PBKS,Unsold
Johnson Charles,No,No,Yes,,No,No,No,Yes,WICKETKEEPER,,,,Unsold
Andre Fletcher,No,No,Yes,,No,No,No,Yes,WICKETKEEPER,,,,Unsold
Shai Hope,No,No,Yes,,No,No,No,Yes,WICKETKEEPER,,,,Unsold
Tom Latham,No,No,Yes,,No,No,No,Yes,WICKETKEEPER,,,,Unsold
Joshua Philippe,No,No,Yes,,No,No,No,Yes,WICKETKEEPER,,,,Unsold
Lorcan Tucker,No,No,Yes,,No,No,No,Yes,WICKETKEEPER,,,,Unsold
Shahbaz Nadeem,No,No,Yes,,Yes,No,No,No,BOWLER,,,LSG,Unsold
Ish Sodhi,No,No,Yes,,Yes,No,No,No,BOWLER,,,,Unsold
Sachin Baby,No,No,Yes,,No,No,Yes,No,BATSMAN,,,,Unsold
Ashwin Hebbar,No,No,Yes,,No,No,Yes,No,BATSMAN,,,DC,Unsold
Pukhraj Mann,No,No,Yes,,No,No,Yes,No,BATSMAN,,,,Unsold
Akshat Raghuwanshi,No,No,Yes,,No,No,Yes,No,BATSMAN,,,,Unsold
Himanshu Rana,No,No,Yes,,No,No,Yes,No,BATSMAN,,,,Unsold
Shoun Roger,No,No,Yes,,No,No,Yes,No,BATSMAN,,,,Unsold
Virat Singh,No,No,Yes,,No,No,Yes,No,BATSMAN,,,,Unsold
Will Smeed,No,No,Yes,,No,No,Yes,No,BATSMAN,,,,Unsold
Apoorv Wankhade,No,No,Yes,,No,No,Yes,No,BATSMAN,,,,Unsold
Gerald Coetzee,No,No,Yes,,No,Yes,No,No,ALL-ROUNDER,,,,Unsold
Evan Jones,No,No,Yes,,No,Yes,No,No,ALL-ROUNDER,,,,Unsold
Abid Mushtaq,No,No,Yes,,No,Yes,No,No,ALL-ROUNDER,,,,Unsold
Suryansh Shedge,No,No,Yes,,No,Yes,No,No,ALL-ROUNDER,,,,Unsold
Jagadeesha Suchith,No,No,Yes,,No,Yes,No,No,ALL-ROUNDER,,,SRH,Unsold
Ricky Bhui,No,No,Yes,,No,No,No,Yes,WICKETKEEPER,,,,Unsold
Baba Indrajith,No,No,Yes,,No,No,No,Yes,WICKETKEEPER,,,KKR,Unsold
Sheldon Jackson,No,No,Yes,,No,No,No,Yes,WICKETKEEPER,,,KKR,Unsold
Aryan Juyal,No,No,Yes,,No,No,No,Yes,WICKETKEEPER,,,MI,Unsold
Kirant Shinde,No,No,Yes,,No,No,No,Yes,WICKETKEEPER,,,,Unsold
Luvnith Sisodia,No,No,Yes,,No,No,No,Yes,WICKETKEEPER,,,RCB,Unsold
Vishnu Solanki,No,No,Yes,,No,No,No,Yes,WICKETKEEPER,,,,Unsold
Aniket Choudhary,No,No,Yes,,Yes,No,No,No,BOWLER,,,,Unsold
Ravi Kumar,No,No,Yes,,Yes,No,No,No,BOWLER,,,,Unsold
Sushant Mishra,No,No,Yes,,Yes,No,No,No,BOWLER,,,SRH,Unsold
Arzan Nagwaswalla,No,No,Yes,,Yes,No,No,No,BOWLER,,,,Unsold
Ishan Porel,No,No,Yes,,Yes,No,No,No,BOWLER,,,PBKS,Unsold
Akash Singh,No,No,Yes,,Yes,No,No,No,BOWLER,,,,Unsold
Basil Thampi,No,No,Yes,,Yes,No,No,No,BOWLER,,,MI,Unsold
Paul Van Meekeren,No,No,Yes,,Yes,No,No,No,BOWLER,,,,Unsold
Vyshak Vijay Kumar,No,No,Yes,,Yes,No,No,No,BOWLER,,,,Unsold
S.Ajith Ram,No,No,Yes,,Yes,No,No,No,BOWLER,,,,Unsold
Satyajeet Bachhav,No,No,Yes,,Yes,No,No,No,BOWLER,,,,Unsold
Tejas Baroka,No,No,Yes,,Yes,No,No,No,BOWLER,,,RR,Unsold
Yuvraj Chudasama,No,No,Yes,,Yes,No,No,No,BOWLER,,,,Unsold
Peter Hatzoglou,No,No,Yes,,Yes,No,No,No,BOWLER,,,,Unsold
Karthik Meiyappan,No,No,Yes,,Yes,No,No,No,BOWLER,,,,Unsold
Shivam Sharma,No,No,Yes,,Yes,No,No,No,BOWLER,,,,Unsold
Reeza Hendricks,No,No,Yes,,No,No,Yes,No,BATSMAN,,,,Unsold
Christiaan Jonker,No,No,Yes,,No,No,Yes,No,BATSMAN,,,,Unsold
Brandon King,No,No,Yes,,No,No,Yes,No,BATSMAN,,,,Unsold
Chris Lynn,No,No,Yes,,No,No,Yes,No,BATSMAN,,,,Unsold
Karun Nair,No,No,Yes,,No,No,Yes,No,BATSMAN,,,RR,Unsold
Pathum Nissaanka,No,No,Yes,,No,No,Yes,No,BATSMAN,,,,Unsold
Jason Roy,No,No,Yes,,No,No,Yes,No,BATSMAN,,,GT,Unsold
Gurkeerat Singh,No,No,Yes,,No,No,Yes,No,BATSMAN,,,GT,Unsold
Harry Tector,No,No,Yes,,No,No,Yes,No,BATSMAN,,,,Unsold
Najibullah Zadran,No,No,Yes,,No,No,Yes,No,BATSMAN,,,,Unsold
Sean Abbott,No,No,Yes,,No,Yes,No,No,ALL-ROUNDER,,,SRH,Unsold
Qais Ahmad,No,No,Yes,,No,Yes,No,No,ALL-ROUNDER,,,,Unsold
Charith Asalanka,No,No,Yes,,No,Yes,No,No,ALL-ROUNDER,,,,Unsold
Michael Bracewell,No,No,Yes,,No,Yes,No,No,ALL-ROUNDER,,,,Unsold
Dominic Drakes,No,No,Yes,,No,Yes,No,No,ALL-ROUNDER,,,GT,Unsold
George Garton,No,No,Yes,,No,Yes,No,No,ALL-ROUNDER,,,,Unsold
Chamika Karunaratne,No,No,Yes,,No,Yes,No,No,ALL-ROUNDER,,,KKR,Unsold
Jamie Overton,No,No,Yes,,No,Yes,No,No,ALL-ROUNDER,,,,Unsold
Sandeep Warrier,No,No,Yes,,No,Yes,No,No,ALL-ROUNDER,,,,Unsold
Ben Dwarshuis,No,No,Yes,,Yes,No,No,No,BOWLER,,,,Unsold
Richard Gleeson,No,No,Yes,,Yes,No,No,No,BOWLER,,,,Unsold
Lahiru Kumara,No,No,Yes,,Yes,No,No,No,BOWLER,,,,Unsold
Dilshan Madushanka,No,No,Yes,,Yes,No,No,No,BOWLER,,,,Unsold
Billy Stanlake,No,No,Yes,,Yes,No,No,No,BOWLER,,,,Unsold
Andrew Tye,No,No,Yes,,Yes,No,No,No,BOWLER,,,LSG,Unsold
Luke Wood,No,No,Yes,,Yes,No,No,No,BOWLER,,,,Unsold
Priyansh Arya,No,No,Yes,,No,No,Yes,No,BATSMAN,,,,Unsold
Matthew Breetzke,No,No,Yes,,No,No,Yes,No,BATSMAN,,,,Unsold
Shivam Chauhan,No,No,Yes,,No,No,Yes,No,BATSMAN,,,,Unsold
Rahul Gahlaut,No,No,Yes,,No,No,Yes,No,BATSMAN,,,,Unsold
Sudip Gharami,No,No,Yes,,No,No,Yes,No,BATSMAN,,,,Unsold
C. Hari Nishaanth,No,No,Yes,,No,No,Yes,No,BATSMAN,,,CSK,Unsold
Amandeep Khare,No,No,Yes,,No,No,Yes,No,BATSMAN,,,,Unsold
Bhanu Pania,No,No,Yes,,No,No,Yes,No,BATSMAN,,,,Unsold
Ekant Sen,No,No,Yes,,No,No,Yes,No,BATSMAN,,,,Unsold
Akash Singh,No,No,Yes,,No,No,Yes,No,BATSMAN,,,,Unsold
Himanshu Bisht,No,No,Yes,,No,Yes,No,No,ALL-ROUNDER,,,,Unsold
Mickil Jaiswal,No,No,Yes,,No,Yes,No,No,ALL-ROUNDER,,,,Unsold
G.Aniketh Reddy,No,No,Yes,,No,Yes,No,No,ALL-ROUNDER,,,,Unsold
Atit Sheth,No,No,Yes,,No,Yes,No,No,ALL-ROUNDER,,,,Unsold
M. Siddharth,No,No,Yes,,No,Yes,No,No,ALL-ROUNDER,,,,Unsold
Tanay Thyagarajann,No,No,Yes,,No,Yes,No,No,ALL-ROUNDER,,,,Unsold
Sumeet Verma,No,No,Yes,,No,Yes,No,No,ALL-ROUNDER,,,,Unsold
Sanjay Yadav,No,No,Yes,,No,Yes,No,No,ALL-ROUNDER,,,MI,Unsold
Ajitesh Guruswamy,No,No,Yes,,No,No,No,Yes,WICKETKEEPER,,,,Unsold
Yash Kothari,No,No,Yes,,No,No,No,Yes,WICKETKEEPER,,,,Unsold
Suresh Kumar,No,No,Yes,,No,No,No,Yes,WICKETKEEPER,,,,Unsold
Kumar Kushagra,No,No,Yes,,No,No,No,Yes,WICKETKEEPER,,,,Unsold
Anmol Malhotra,No,No,Yes,,No,No,No,Yes,WICKETKEEPER,,,,Unsold
Robin Minz,No,No,Yes,,No,No,No,Yes,WICKETKEEPER,,,,Unsold
Agniv Pan,No,No,Yes,,No,No,No,Yes,WICKETKEEPER,,,,Unsold
Priyesh Patel,No,No,Yes,,No,No,No,Yes,WICKETKEEPER,,,,Unsold
Mitesh Patel,No,No,Yes,,No,No,No,Yes,WICKETKEEPER,,,,Unsold
Abishek Porel,No,No,Yes,,No,No,No,Yes,WICKETKEEPER,,,,Unsold
Bharat Sharma,No,No,Yes,,No,No,No,Yes,WICKETKEEPER,,,,Unsold
Vivek Singh,No,No,Yes,,No,No,No,Yes,WICKETKEEPER,,,,Unsold
Abhijeet Tomar,No,No,Yes,,No,No,No,Yes,WICKETKEEPER,,,KKR,Unsold
Basit Bashir,No,No,Yes,,Yes,No,No,No,BOWLER,,,,Unsold
Nandre Burger,No,No,Yes,,Yes,No,No,No,BOWLER,,,,Unsold
Rasikh Dar,No,No,Yes,,Yes,No,No,No,BOWLER,,,KKR,Unsold
Sakib Hussain,No,No,Yes,,Yes,No,No,No,BOWLER,,,,Unsold
Waseem Khanday,No,No,Yes,,Yes,No,No,No,BOWLER,,,,Unsold
Ravi Kiran Majeti,No,No,Yes,,Yes,No,No,No,BOWLER,,,,Unsold
Lukman Hussain Meriwala,No,No,Yes,,Yes,No,No,No,BOWLER,,,,Unsold
Anuj Raj,No,No,Yes,,Yes,No,No,No,BOWLER,,,,Unsold
Ankit Singh Rajpoot,No,No,Yes,,Yes,No,No,No,BOWLER,,,LSG,Unsold
Prince Yadav,No,No,Yes,,Yes,No,No,No,BOWLER,,,,Unsold
Prithviraj Yarra,No,No,Yes,,Yes,No,No,No,BOWLER,,,,Unsold
Mushtaq Beg,No,No,Yes,,Yes,No,No,No,BOWLER,,,,Unsold
Rocky Bhasker,No,No,Yes,,Yes,No,No,No,BOWLER,,,,Unsold
Sanjith Devaraj,No,No,Yes,,Yes,No,No,No,BOWLER,,,,Unsold
Allah Mohammad,No,No,Yes,,Yes,No,No,No,BOWLER,,,,Unsold
Lalit Mohan,No,No,Yes,,Yes,No,No,No,BOWLER,,,,Unsold
Bhuwan Rohilla,No,No,Yes,,Yes,No,No,No,BOWLER,,,,Unsold
Aman Sharma,No,No,Yes,,Yes,No,No,No,BOWLER,,,,Unsold
Manav Suthar,No,No,Yes,,Yes,No,No,No,BOWLER,,,,Unsold
Tom Curran,No,No,Yes,,No,Yes,No,No,ALL-ROUNDER,,,,Unsold
Moises Henriques,No,No,Yes,,No,Yes,No,No,ALL-ROUNDER,,,,Unsold
Afif Hossain,No,No,Yes,,No,Yes,No,No,ALL-ROUNDER,,,,Unsold
Scott Kuggeleijn,No,No,Yes,,No,Yes,No,No,ALL-ROUNDER,,,,Unsold
Sisanda Magala,No,No,Yes,,No,Yes,No,No,ALL-ROUNDER,,,,Unsold
Craig Overton,No,No,Yes,,No,Yes,No,No,ALL-ROUNDER,,,,Unsold
Darcy Short,No,No,Yes,,No,Yes,No,No,ALL-ROUNDER,,,,Unsold
Dhananjaya Silva,No,No,Yes,,No,Yes,No,No,ALL-ROUNDER,,,,Unsold
Dunith Wellalage,No,No,Yes,,No,Yes,No,No,ALL-ROUNDER,,,,Unsold
Varun Aaron,No,No,Yes,,Yes,No,No,No,BOWLER,,,GT,Unsold
Sheldon Cottrel,No,No,Yes,,Yes,No,No,No,BOWLER,,,,Unsold
Nathan Coulter-Nile,No,No,Yes,,Yes,No,No,No,BOWLER,,,RR,Unsold
Daryn Dupavillon,No,No,Yes,,Yes,No,No,No,BOWLER,,,,Unsold
Matt Henry,No,No,Yes,,Yes,No,No,No,BOWLER,,,,Unsold
Dhawal Kulkarni,No,No,Yes,,Yes,No,No,No,BOWLER,,,,Unsold
Tymal Mills,No,No,Yes,,Yes,No,No,No,BOWLER,,,MI,Unsold
David Payne,No,No,Yes,,Yes,No,No,No,BOWLER,,,,Unsold
Barinder Sran,No,No,Yes,,Yes,No,No,No,BOWLER,,,,Unsold
Glenton Stuurman,No,No,Yes,,Yes,No,No,No,BOWLER,,,,Unsold
Anirudh Balachander,No,No,Yes,,No,No,Yes,No,BATSMAN,,,,Unsold
Gourav Choudhary,No,No,Yes,,No,No,Yes,No,BATSMAN,,,,Unsold
Saurav Chuahan,No,No,Yes,,No,No,Yes,No,BATSMAN,,,,Unsold
Kumar Deobrat,No,No,Yes,,No,No,Yes,No,BATSMAN,,,,Unsold
Chirag Gandhi,No,No,Yes,,No,No,Yes,No,BATSMAN,,,,Unsold
Arman Jaffer,No,No,Yes,,No,No,Yes,No,BATSMAN,,,,Unsold
Madhav Kaushik,No,No,Yes,,No,No,Yes,No,BATSMAN,,,,Unsold
Priyank Panchal,No,No,Yes,,No,No,Yes,No,BATSMAN,,,,Unsold
Ayush Pandey,No,No,Yes,,No,No,Yes,No,BATSMAN,,,,Unsold
Rohan Patil,No,No,Yes,,No,No,Yes,No,BATSMAN,,,,Unsold
Sanjay Ramaswamy,No,No,Yes,,No,No,Yes,No,BATSMAN,,,,Unsold
Siddharth Yadav,No,No,Yes,,No,No,Yes,No,BATSMAN,,,,Unsold
Rehan Ahmed,No,No,Yes,,No,Yes,No,No,ALL-ROUNDER,,,,Unsold
Prayas Barman,No,No,Yes,,No,Yes,No,No,ALL-ROUNDER,,,,Unsold
Rahul Buddhi,No,No,Yes,,No,Yes,No,No,ALL-ROUNDER,,,MI,Unsold
Vaisakh Chandran,No,No,Yes,,No,Yes,No,No,ALL-ROUNDER,,,,Unsold
Writtick Chatterjee,No,No,Yes,,No,Yes,No,No,ALL-ROUNDER,,,PBKS,Unsold
Prashant Chopra,No,No,Yes,,No,Yes,No,No,ALL-ROUNDER,,,,Unsold
Harsh Dubey,No,No,Yes,,No,Yes,No,No,ALL-ROUNDER,,,,Unsold
Tanush Kotian,No,No,Yes,,No,Yes,No,No,ALL-ROUNDER,,,,Unsold
Ninad Rathva,No,No,Yes,,No,Yes,No,No,ALL-ROUNDER,,,,Unsold
B. Surya,No,No,Yes,,No,Yes,No,No,ALL-ROUNDER,,,,Unsold
Jordan Thompson,No,No,Yes,,No,Yes,No,No,ALL-ROUNDER,,,,Unsold
Shivank Vashisth,No,No,Yes,,No,Yes,No,No,ALL-ROUNDER,,,,Unsold
Ankush Bains,No,No,Yes,,No,No,No,Yes,WICKETKEEPER,,,,Unsold
Christopher Benjamin,No,No,Yes,,No,No,No,Yes,WICKETKEEPER,,,,Unsold
Connor Esterhuizen,No,No,Yes,,No,No,No,Yes,WICKETKEEPER,,,,Unsold
Mohd Arslan Khan,No,No,Yes,,No,No,No,Yes,WICKETKEEPER,,,,Unsold
Mamidi Krishna,No,No,Yes,,No,No,No,Yes,WICKETKEEPER,,,,Unsold
Fazil Makaya,No,No,Yes,,No,No,No,Yes,WICKETKEEPER,,,,Unsold
Akshdeep Nath,No,No,Yes,,No,No,No,Yes,WICKETKEEPER,,,,Unsold
Deepak Punia,No,No,Yes,,No,No,No,Yes,WICKETKEEPER,,,,Unsold
Ateev Saini,No,No,Yes,,No,No,No,Yes,WICKETKEEPER,,,,Unsold
Bipin Saurabh,No,No,Yes,,No,No,No,Yes,WICKETKEEPER,,,,Unsold
B.R. Sharath,No,No,Yes,,No,No,No,Yes,WICKETKEEPER,,,,Unsold
Yashovardhan Singh,No,No,Yes,,No,No,No,Yes,WICKETKEEPER,,,,Unsold
Lakshay Thareja,No,No,Yes,,No,No,No,Yes,WICKETKEEPER,,,,Unsold
Mohit Avasthi,No,No,Yes,,Yes,No,No,No,BOWLER,,,,Unsold
Ottneil Baartman,No,No,Yes,,Yes,No,No,No,BOWLER,,,,Unsold
Gurnoor Singh Brar,No,No,Yes,,Yes,No,No,No,BOWLER,,,,Unsold
Shahrukh Dar,No,No,Yes,,Yes,No,No,No,BOWLER,,,,Unsold
Thomas Helm,No,No,Yes,,Yes,No,No,No,BOWLER,,,,Unsold
Pankaj Jaswal,No,No,Yes,,Yes,No,No,No,BOWLER,,,,Unsold
Venkatesh Muralidhara,No,No,Yes,,Yes,No,No,No,BOWLER,,,,Unsold
Geet Puri,No,No,Yes,,Yes,No,No,No,BOWLER,,,,Unsold
E. Sanketh,No,No,Yes,,Yes,No,No,No,BOWLER,,,,Unsold
Ajay Sarkar,No,No,Yes,,Yes,No,No,No,BOWLER,,,,Unsold
Ashok Sharma,No,No,Yes,,Yes,No,No,No,BOWLER,,,,Unsold
Kanwar Singh,No,No,Yes,,Yes,No,No,No,BOWLER,,,,Unsold
Fabian Allen,No,No,Yes,,No,Yes,No,No,ALL-ROUNDER,,,MI,Unsold
Carlos Brathwaite,No,No,Yes,,No,Yes,No,No,ALL-ROUNDER,,,,Unsold
Roston Chase,No,No,Yes,,No,Yes,No,No,ALL-ROUNDER,,,,Unsold
Rahkeem Cornwall,No,No,Yes,,No,Yes,No,No,ALL-ROUNDER,,,,Unsold
Karim Janat,No,No,Yes,,No,Yes,No,No,ALL-ROUNDER,,,,Unsold
Keshav Maharaj,No,No,Yes,,No,Yes,No,No,ALL-ROUNDER,,,,Unsold
Pawan Negi,No,No,Yes,,No,Yes,No,No,ALL-ROUNDER,,,,Unsold
Keemo Paul,No,No,Yes,,No,Yes,No,No,ALL-ROUNDER,,,,Unsold
Shivam Chaudhary,No,No,Yes,,No,Yes,No,No,ALL-ROUNDER,,,,Unsold
Ashwin Das,No,No,Yes,,No,Yes,No,No,ALL-ROUNDER,,,,Unsold
James Fuller,No,No,Yes,,No,Yes,No,No,ALL-ROUNDER,,,,Unsold
Chirag Jani,No,No,Yes,,No,Yes,No,No,ALL-ROUNDER,,,,Unsold
Akshay Karnewar,No,No,Yes,,No,Yes,No,No,ALL-ROUNDER,,,,Unsold
Bhagmender Lather,No,No,Yes,,No,Yes,No,No,ALL-ROUNDER,,,,Unsold
Lone Muzaffar,No,No,Yes,,No,Yes,No,No,ALL-ROUNDER,,,,Unsold
Pulkit Narang,No,No,Yes,,No,Yes,No,No,ALL-ROUNDER,,,,Unsold
Rohit Rayudu,No,No,Yes,,No,Yes,No,No,ALL-ROUNDER,,,,Unsold
Sameer Rizvi,No,No,Yes,,No,Yes,No,No,ALL-ROUNDER,,,,Unsold
Tunish Sawkar,No,No,Yes,,No,Yes,No,No,ALL-ROUNDER,,,,Unsold
Auqib Dar,No,No,Yes,,Yes,No,No,No,BOWLER,,,,Unsold
Mukhtar Hussain,No,No,Yes,,Yes,No,No,No,BOWLER,,,,Unsold
Ashwani Kumar,No,No,Yes,,Yes,No,No,No,BOWLER,,,,Unsold
Hemant Kumar,No,No,Yes,,Yes,No,No,No,BOWLER,,,,Unsold
Nathan McAndrew,No,No,Yes,,Yes,No,No,No,BOWLER,,,,Unsold
Rajesh Mohanty,No,No,Yes,,Yes,No,No,No,BOWLER,,,,Unsold
Ravi Sharma,No,No,Yes,,Yes,No,No,No,BOWLER,,,,Unsold
Vikash Singh,No,No,Yes,,Yes,No,No,No,BOWLER,,,,Unsold
Ruben Trumpelmann,No,No,Yes,,Yes,No,No,No,BOWLER,,,,Unsold
Koushik Vasuki,No,No,Yes,,Yes,No,No,No,BOWLER,,,,Unsold
Vasu Vats,No,No,Yes,,Yes,No,No,No,BOWLER,,,,Unsold
Shubham Agrawal,No,No,Yes,,No,Yes,No,No,ALL-ROUNDER,,,,Unsold
Baba Aparajith,No,No,Yes,,No,Yes,No,No,ALL-ROUNDER,,,,Unsold
Anshul Kamboj,No,No,Yes,,No,Yes,No,No,ALL-ROUNDER,,,,Unsold
Azim Kazi,No,No,Yes,,No,Yes,No,No,ALL-ROUNDER,,,,Unsold
Dev Lakra,No,No,Yes,,No,Yes,No,No,ALL-ROUNDER,,,,Unsold
Jitender Pal,No,No,Yes,,No,Yes,No,No,ALL-ROUNDER,,,,Unsold
Ritwik Roy Chowdhury,No,No,Yes,,No,Yes,No,No,ALL-ROUNDER,,,,Unsold
Utkarsh Singh,No,No,Yes,,No,Yes,No,No,ALL-ROUNDER,,,,Unsold
Shubham Singh,No,No,Yes,,No,Yes,No,No,ALL-ROUNDER,,,,Unsold
Avneesh Sudha,No,No,Yes,,No,Yes,No,No,ALL-ROUNDER,,,,Unsold
Asad Jamil Ahmed,No,No,Yes,,Yes,No,No,No,BOWLER,,,,Unsold
Bandaru Ayyappa,No,No,Yes,,Yes,No,No,No,BOWLER,,,,Unsold
Aashish Bhatt,No,No,Yes,,Yes,No,No,No,BOWLER,,,,Unsold
McKenny Clarke,No,No,Yes,,Yes,No,No,No,BOWLER,,,,Unsold
Shubham Kapse,No,No,Yes,,Yes,No,No,No,BOWLER,,,,Unsold
Gourav Koul,No,No,Yes,,Yes,No,No,No,BOWLER,,,,Unsold
Raunak Kumar,No,No,Yes,,Yes,No,No,No,BOWLER,,,,Unsold
Trilok Nag,No,No,Yes,,Yes,No,No,No,BOWLER,,,,Unsold
Atal Bihari Rai,No,No,Yes,,Yes,No,No,No,BOWLER,,,,Unsold
Ramon Simmonds,No,No,Yes,,Yes,No,No,No,BOWLER,,,,Unsold
Rajeev Singh,No,No,Yes,,Yes,No,No,No,BOWLER,,,,Unsold
Mohd. Wasim,No,No,Yes,,Yes,No,No,No,BOWLER,,,,Unsold
Atharva Ankolekar,No,No,Yes,,No,Yes,No,No,ALL-ROUNDER,,,,Unsold
Khizar Dafedar,No,No,Yes,,No,Yes,No,No,ALL-ROUNDER,,,,Unsold
Naman Dhir,No,No,Yes,,No,Yes,No,No,ALL-ROUNDER,,,,Unsold
Sahil Dhiwan,No,No,Yes,,No,Yes,No,No,ALL-ROUNDER,,,,Unsold
Sampark Gupta,No,No,Yes,,No,Yes,No,No,ALL-ROUNDER,,,,Unsold
Jordan Hermann,No,No,Yes,,No,Yes,No,No,ALL-ROUNDER,,,,Unsold
Hayden Kerr,No,No,Yes,,No,Yes,No,No,ALL-ROUNDER,,,,Unsold
Salman Khan,No,No,Yes,,No,Yes,No,No,ALL-ROUNDER,,,,Unsold
Sairaj Patil,No,No,Yes,,No,Yes,No,No,ALL-ROUNDER,,,,Unsold
Divyaansh Saxena,No,No,Yes,,No,Yes,No,No,ALL-ROUNDER,,,,Unsold
Purnank Tyagi,No,No,Yes,,No,Yes,No,No,ALL-ROUNDER,,,,Unsold
Prince Yadav,No,No,Yes,,No,Yes,No,No,ALL-ROUNDER,,,,Unsold
Deepraj Gaonkar,No,No,Yes,,No,Yes,No,No,ALL-ROUNDER,,,,Unsold
Shubham Garhwal,No,No,Yes,,No,Yes,No,No,ALL-ROUNDER,,,RR,Unsold
Benny Howell,No,No,Yes,,No,Yes,No,No,ALL-ROUNDER,,,PBKS,Unsold
Deepesh Nailwal,No,No,Yes,,No,Yes,No,No,ALL-ROUNDER,,,,Unsold
Arjun Rapria,No,No,Yes,,No,Yes,No,No,ALL-ROUNDER,,,,Unsold
Shashwat Rawat,No,No,Yes,,No,Yes,No,No,ALL-ROUNDER,,,,Unsold
Sumit Ruikar,No,No,Yes,,No,Yes,No,No,ALL-ROUNDER,,,,Unsold
Shivam Sharma,No,No,Yes,,No,Yes,No,No,ALL-ROUNDER,,,,Unsold
Rajandeep Singh,No,No,Yes,,No,Yes,No,No,ALL-ROUNDER,,,,Unsold
Anunay Singh,No,No,Yes,,No,Yes,No,No,ALL-ROUNDER,,,,Unsold
Digvesh Singh,No,No,Yes,,No,Yes,No,No,ALL-ROUNDER,,,,Unsold
Pranshu Vijayran,No,No,Yes,,No,Yes,No,No,ALL-ROUNDER,,,,Unsold
Prerit Dutta,No,No,Yes,,No,Yes,No,No,ALL-ROUNDER,,,,Unsold
Ramakrishna Ghosh,No,No,Yes,,No,Yes,No,No,ALL-ROUNDER,,,,Unsold
Shubhang Hegde,No,No,Yes,,No,Yes,No,No,ALL-ROUNDER,,,,Unsold
Shamshuzama Kazi,No,No,Yes,,No,Yes,No,No,ALL-ROUNDER,,,,Unsold
Ayaz Khan,No,No,Yes,,No,Yes,No,No,ALL-ROUNDER,,,,Unsold
Amit Pachhara,No,No,Yes,,No,Yes,No,No,ALL-ROUNDER,,,,Unsold
Akul Pandove,No,No,Yes,,No,Yes,No,No,ALL-ROUNDER,,,,Unsold
Garv Sangwan,No,No,Yes,,No,Yes,No,No,ALL-ROUNDER,,,,Unsold
Shubham Sharma,No,No,Yes,,No,Yes,No,No,ALL-ROUNDER,,,,Unsold
Amit Yadav,No,No,Yes,,No,Yes,No,No,ALL-ROUNDER,,,,Unsold
Amit Ali,No,No,Yes,,No,Yes,No,No,ALL-ROUNDER,,,,Unsold
Rishabh Chauhan,No,No,Yes,,No,Yes,No,No,ALL-ROUNDER,,,,Unsold
Matthew Forde,No,No,Yes,,No,Yes,No,No,ALL-ROUNDER,,,,Unsold
Sammar Gajjar,No,No,Yes,,No,Yes,No,No,ALL-ROUNDER,,,,Unsold
Rajneesh Gurbani,No,No,Yes,,No,Yes,No,No,ALL-ROUNDER,,,,Unsold
Divyansh Joshi,No,No,Yes,,No,Yes,No,No,ALL-ROUNDER,,,,Unsold
Dhruv Patel,No,No,Yes,,No,Yes,No,No,ALL-ROUNDER,,,,Unsold
Jack Prestwidge,No,No,Yes,,No,Yes,No,No,ALL-ROUNDER,,,,Unsold
Aditya Sarvate,No,No,Yes,,No,Yes,No,No,ALL-ROUNDER,,,,Unsold
Sagar Solanki,No,No,Yes,,No,Yes,No,No,ALL-ROUNDER,,,,Unsold
Prenelan Subrayen,No,No,Yes,,No,Yes,No,No,ALL-ROUNDER,,,,Unsold
